{
	"format_version": "1.8.0",
	"animations": {
		"animation.ironhands.ground_idle": {
			"loop": true,
			"bones": {
				"head": {
					"rotation": ["4+1*math.sin(q.anim_time*90*2-60)", "2*math.sin(q.anim_time*90*1-60)", "2*math.sin(q.anim_time*90*1-60)"]
				},
				"body": {
					"rotation": ["3+1*math.sin(q.anim_time*90*2-60)", 0, 0]
				},
				"right_hand": {
					"rotation": [0, 0, "-56+1*math.sin(q.anim_time*90*2-60)"],
					"position": [2, -7, 0]
				},
				"left_hand": {
					"rotation": [0, 0, "56+1*math.sin(q.anim_time*90*2-60)"],
					"position": [-2, -7, 0]
				}
			}
		},
		"animation.ironhands.battle_idle": {
			"loop": true,
			"bones": {
				"head": {
					"rotation": [0, 15, 0],
					"position": [0, -0.6, 0]
				},
				"body": {
					"rotation": ["4.9586+1*math.sin(q.anim_time*90*2-60)", -14.9982, "0.23511*math.sin(q.anim_time*90*2-60)"]
				},
				"left_leg": {
					"rotation": [0, -15, 0],
					"position": [0, 0, 3]
				},
				"upper_body": {
					"rotation": ["1*math.sin(q.anim_time*40*2-60)", " 1*math.sin(q.anim_time*90*2-60)", 0]
				},
				"right_hand": {
					"rotation": [-51.32211, 77.30965, 37.99701],
					"position": [6, -8, -12]
				},
				"left_hand": {
					"rotation": [-12.20302, -51.86576, -80.3461],
					"position": [-8, -7, -8]
				}
			}
		},
		"animation.ironhands.ground_walk": {
			"loop": true,
			"animation_length": 4,
			"bones": {
				"body": {
					"position": {
						"0.25": [0, 0, 0],
						"0.2917": [0, -0.75, 0],
						"0.3333": [0, 0.75, 0],
						"0.375": [0, -0.25, 0],
						"0.4583": [0, 0.25, 0],
						"0.5833": [0, -0.25, 0],
						"0.7917": [0, 0, 0],
						"1.25": [0, 0, 0],
						"1.2917": [0, -0.75, 0],
						"1.3333": [0, 0.75, 0],
						"1.375": [0, -0.25, 0],
						"1.4583": [0, 0.25, 0],
						"1.5833": [0, -0.25, 0],
						"1.7917": [0, 0, 0],
						"2.25": [0, 0, 0],
						"2.2917": [0, -0.75, 0],
						"2.3333": [0, 0.75, 0],
						"2.375": [0, -0.25, 0],
						"2.4583": [0, 0.25, 0],
						"2.5833": [0, -0.25, 0],
						"2.7917": [0, 0, 0],
						"3.25": [0, 0, 0],
						"3.2917": [0, -0.75, 0],
						"3.3333": [0, 0.75, 0],
						"3.375": [0, -0.25, 0],
						"3.4583": [0, 0.25, 0],
						"3.5833": [0, -0.25, 0],
						"3.7917": [0, 0, 0]
					}
				},
				"bone12": {
					"rotation": [30, 0, 0]
				},
				"left_leg": {
					"rotation": {
						"0.0": {
							"post": [-25, -6.53, -4.18],
							"lerp_mode": "catmullrom"
						},
						"0.1667": {
							"post": [-20, -7.81706, -3.44594],
							"lerp_mode": "catmullrom"
						},
						"0.375": {
							"post": [-13, -14.3, 0],
							"lerp_mode": "catmullrom"
						},
						"1.4167": {
							"post": [9.24396, -15.66335, -7.04029],
							"lerp_mode": "catmullrom"
						},
						"1.7083": {
							"post": [3.70968, -8.49046, -11.52388],
							"lerp_mode": "catmullrom"
						},
						"1.9583": {
							"post": [0, -5.51706, -5.54594],
							"lerp_mode": "catmullrom"
						},
						"2.25": {
							"post": [-25, -12.93, -2.18],
							"lerp_mode": "catmullrom"
						},
						"2.4167": {
							"post": [-15, -19.7, 0],
							"lerp_mode": "catmullrom"
						},
						"3.5": {
							"post": [9, -11.40885, -6.53894],
							"lerp_mode": "catmullrom"
						},
						"3.8333": {
							"post": [4, -9.15696, -11.66984],
							"lerp_mode": "catmullrom"
						},
						"4.0": {
							"post": [-20, -6.71706, -3.44594],
							"lerp_mode": "catmullrom"
						}
					},
					"position": {
						"0.0": [-0.01, 3.23, -3.42],
						"0.125": [-0.01, 3.17, -3.9],
						"0.1667": [-0.01, 2.32, -3.98],
						"0.2083": [-0.01, 1.04, -3.96],
						"0.25": [-0.01, -0.03, -3.99],
						"0.5417": [-0.01, 0.35, -1.63],
						"1.25": [-0.01, 1.27, 0.16],
						"1.6667": [-0.01, 2.93, -1.7],
						"1.8333": [-0.01, 3.24, -2.67],
						"2.0": [-0.01, 3.23, -3.42],
						"2.125": [-0.01, 3.17, -4.5],
						"2.25": [-0.01, -0.03, -3.59],
						"2.5": [-0.01, 0.3, -2.05],
						"3.25": [-0.01, 1.27, 0.16],
						"3.8333": [-0.01, 2.93, -1.7],
						"4.0": [-0.01, 3.24, -3.17]
					}
				},
				"upper_body": {
					"rotation": ["5+4*math.sin(q.anim_time*90*4-60)", "12*math.cos(q.anim_time*90*2)", "5*math.sin(q.anim_time*90*2)"],
					"position": [0, "0.9+math.clamp(1*math.sin(q.anim_time*90*4+60),0,2)", "-2.3+0.5*math.cos(q.anim_time*90*4+120)"]
				},
				"bone10": {
					"rotation": [30, 0, 0]
				},
				"bone6": {
					"rotation": [0, 0, -7.5]
				},
				"bone44": {
					"rotation": [-22.5, 0, 0]
				},
				"bone20": {
					"rotation": [0, 0, 7.5]
				},
				"bone25": {
					"rotation": [-22.5, 0, 0]
				},
				"head": {
					"position": [0, -0.1, 0]
				},
				"right_leg": {
					"rotation": {
						"0.0": {
							"post": [9, 3.59115, -6.53894],
							"lerp_mode": "catmullrom"
						},
						"0.25": {
							"post": [9.24396, 15.66335, -0.95971],
							"lerp_mode": "catmullrom"
						},
						"0.4583": {
							"post": [3.70968, 8.49046, 7.52388],
							"lerp_mode": "catmullrom"
						},
						"0.7083": {
							"post": [0, 5.51706, 5.54594],
							"lerp_mode": "catmullrom"
						},
						"1.0": {
							"post": [-25, 12.93, 2.18],
							"lerp_mode": "catmullrom"
						},
						"1.1667": {
							"post": [-15, 19.7, 0],
							"lerp_mode": "catmullrom"
						},
						"2.25": {
							"post": [9, 11.40885, 6.53894],
							"lerp_mode": "catmullrom"
						},
						"2.5833": {
							"post": [4, 9.15696, 11.66984],
							"lerp_mode": "catmullrom"
						},
						"2.8333": {
							"post": [-22, 6.71706, 3.44594],
							"lerp_mode": "catmullrom"
						},
						"2.875": {
							"post": [-25, 6.53, 4.18],
							"lerp_mode": "catmullrom"
						},
						"2.9167": {
							"post": [-25, 7.81706, 3.44594],
							"lerp_mode": "catmullrom"
						},
						"3.125": {
							"post": [-15, 14.3, 0],
							"lerp_mode": "catmullrom"
						},
						"3.9583": {
							"post": [6, 3.59115, -6.53894],
							"lerp_mode": "catmullrom"
						}
					},
					"position": {
						"0.0": [0.01, 1.27, 0.16],
						"0.4167": [0.01, 2.93, -1.7],
						"0.5833": [0.01, 3.24, -2.67],
						"0.75": [0.01, 3.23, -3.42],
						"0.875": [0.01, 3.17, -4.5],
						"1.0": [0.01, -0.03, -3.59],
						"1.25": [0.01, 0.3, -2.05],
						"2.0": [0.01, 1.27, 0.16],
						"2.5833": [0.01, 2.93, -1.7],
						"2.75": [0.01, 3.24, -2.67],
						"2.875": [0.01, 3.23, -3.42],
						"3.0": [0.01, 3.17, -3.9],
						"3.0417": [0.01, 2.32, -2.98],
						"3.0833": [0.01, 1.04, -3.96],
						"3.125": [0.01, -0.03, -3.99],
						"3.4167": [0.01, 0.35, -1.63],
						"4.0": [0.01, 1.27, 0.16]
					}
				},
				"right_foot": {
					"rotation": [10, 0, 0]
				},
				"right_arm": {
					"rotation": ["5+4*math.sin(q.anim_time*90*4-60)", 0, "5*math.sin(q.anim_time*90*2)"]
				},
				"right_hand": {
					"rotation": [0, 0, -45],
					"position": [4, -4, 0]
				},
				"left_arm": {
					"rotation": ["5+4*math.sin(q.anim_time*90*4-60)", 0, "-(5*math.sin(q.anim_time*90*2))"]
				},
				"left_hand": {
					"rotation": [0, 0, 45],
					"position": [-4, -4, 0]
				}
			}
		},
		"animation.ironhands.sleep": {
			"loop": true,
			"bones": {
				"body": {
					"rotation": ["7.5+1*math.sin(q.anim_time*90*2-60)", 0, 0]
				},
				"bone33": {
					"rotation": [12.5, 0, 0]
				},
				"head": {
					"rotation": ["14+1*math.sin(q.anim_time*90*2-60)*2", "2*math.sin(q.anim_time*90*1-60)", "2*math.sin(q.anim_time*90*1-60)"]
				},
				"left_eye": {
					"position": [0, 0, 1]
				},
				"right_eye": {
					"position": [0, 0, 1]
				},
				"right_hand": {
					"position": [3, -28, 0]
				},
				"left_hand": {
					"position": [-3, -28, 0]
				},
				"right_blink": {
					"position": [0, 0, -2]
				},
				"left_blink": {
					"position": [0, 0, -2]
				}
			}
		},
		"animation.ironhands.faint": {
			"animation_length": 3,
			"bones": {
				"body": {
					"rotation": {
						"0.0": [4.9586, -14.9982, 0.23511],
						"2.5": [19.9586, -14.9982, 0.23511]
					},
					"position": {
						"0.0": [0, 0, -0.25],
						"0.0833": [0, 0, 0.25],