{
	"format_version": "1.8.0",
	"animations": {
		"animation.mienfoo.ground_idle": {
			"loop": true,
			"animation_length": 4,
			"loop_delay": "true",
			"bones": {
				"legs": {
					"position": {
						"0.0": [0, 0, 0],
						"1.0": [0, 0, 1],
						"2.0": [0, 0, 0],
						"3.0": [0, 0, 1],
						"4.0": [0, 0, 0]
					}
				},
				"leg1": {
					"rotation": {
						"0.0": [0, 0, 2.5],
						"1.0": [0, 0, 5],
						"2.0": [0, 0, 2.5],
						"3.0": [0, 0, 5],
						"4.0": [0, 0, 2.5]
					}
				},
				"leg2": {
					"rotation": {
						"0.0": [0, 0, -2.5],
						"1.0": [0, 0, -5],
						"2.0": [0, 0, -2.5],
						"3.0": [0, 0, -5],
						"4.0": [0, 0, -2.5]
					}
				},
				"torsoparte": {
					"rotation": {
						"0.0": [0, 0, -2.5],
						"1.0": [0, 0, -7.5],
						"2.0": [0, 0, -2.5],
						"3.0": [0, 0, -7.5],
						"4.0": [0, 0, -2.5]
					},
					"position": {
						"0.0": [1, 0, 0],
						"1.0": [2, 0, 0],
						"2.0": [1, 0, 0],
						"3.0": [2, 0, 0],
						"4.0": [1, 0, 0]
					}
				},
				"torsomini": {
					"rotation": {
						"0.0": [0, 0, 0],
						"2.0": [0, 0, 0],
						"4.0": [0, 0, 0]
					}
				},
				"head": {
					"rotation": {
						"0.0": [0, 0, 0],
						"1.0": [0, 0, -7.5],
						"2.0": [0, 0, 0],
						"3.0": [0, 0, -7.5],
						"4.0": [0, 0, 0]
					},
					"position": {
						"0.0": [0, 0, 0],
						"1.0": [-1, -1, 0],
						"2.0": [0, 0, 0],
						"3.0": [-1, -1, 0],
						"4.0": [0, 0, 0]
					}
				},
				"hoidos": {
					"position": {
						"0.0": [0, 0, 0],
						"2.0": [0, 0, 0],
						"4.0": [0, 0, 0]
					}
				},
				"hand0": {
					"rotation": {
						"0.0": [30, 0, 0],
						"1.0": [30.38126, 8.64917, 5.03837],
						"2.0": [30, 0, 0],
						"3.0": [30.38126, 8.64917, 5.03837],
						"4.0": [30, 0, 0]
					},
					"position": {
						"0.0": [0, 4, 10],
						"2.0": [0, 4, 10],
						"4.0": [0, 4, 10]
					}
				},
				"part_hand0": {
					"rotation": {
						"0.0": [0, 15, 0],
						"2.0": [0, 15, 0],
						"4.0": [0, 15, 0]
					},
					"position": {
						"0.0": [1, 0, 1],
						"2.0": [1, 0, 1],
						"4.0": [1, 0, 1]
					}
				},
				"hand1": {
					"rotation": {
						"0.0": [-30, 0, 0],
						"1.0": [-30.38126, -8.64917, 5.03837],
						"2.0": [-30, 0, 0],
						"3.0": [-30.38126, -8.64917, 5.03837],
						"4.0": [-30, 0, 0]
					},
					"position": {
						"0.0": [0, 4, -10],
						"2.0": [0, 4, -10],
						"4.0": [0, 4, -10]
					}
				},
				"part_hand1": {
					"rotation": {
						"0.0": [0, -15, 0],
						"2.0": [0, -15, 0],
						"4.0": [0, -15, 0]
					},
					"position": {
						"0.0": [3, 0, -1],
						"2.0": [3, 0, -1],
						"4.0": [3, 0, -1]
					}
				},
				"line": {
					"rotation": {
						"0.0": [0, 0, 5],
						"1.0": [0, 0, -5],
						"2.0": [0, 0, 5],
						"3.0": [0, 0, -5],
						"4.0": [0, 0, 5]
					}
				}
			}
		},
		"animation.mienfoo.blink": {
			"animation_length": 0.25,
			"bones": {
				"eyes": {
					"position": {
						"0.0": [0, 0, 0],
						"0.25": [1, 0, 0]
					}
				},
				"hand0": {
					"rotation": [30, 0, 0],
					"position": [0, 4, 10]
				},
				"hand1": {
					"rotation": [-30, 0, 0],
					"position": [0, 4, -10]
				}
			}
		},
		"animation.mienfoo.ground_walk": {
			"loop": true,
			"animation_length": 4,
			"loop_delay": "true",
			"bones": {
				"legmini1": {
					"position": {
						"0.0": [0, 0, 0],
						"1.0": [0, -1, 0],
						"2.0": [0, 0, 0],
						"3.0": [0, -1, 0],
						"4.0": [0, 0, 0]
					}
				},
				"legparte1": {
					"rotation": {
						"0.0": [10, 0, 0],
						"1.0": [-10, 0, 0],
						"2.0": [10, 0, 0],
						"3.0": [-10, 0, 0],
						"4.0": [10, 0, 0]
					},
					"position": {
						"0.0": [0, 0, 2],
						"1.0": [0, 0, -2],
						"2.0": [0, 0, 2],
						"3.0": [0, 0, -2],
						"4.0": [0, 0, 2]
					}
				},
				"legmini2": {
					"position": {
						"0.0": [0, -1, 0],
						"2.0": [0, -1, 0],
						"4.0": [0, -1, 0]
					}
				},
				"legparte2": {
					"rotation": {
						"0.0": [-10, 0, 0],
						"1.0": [10, 0, 0],
						"2.0": [-10, 0, 0],
						"3.0": [10, 0, 0],
						"4.0": [-10, 0, 0]
					},
					"position": {
						"0.0": [0, 0, -2],
						"1.0": [0, 0, 2],
						"2.0": [0, 0, -2],
						"3.0": [0, 0, 2],
						"4.0": [0, 0, -2]
					}
				},
				"head": {
					"rotation": {
						"0.0": [0, 0, -7.5],
						"1.0": [-0.43523, -0.01904, 2.4906],
						"2.0": [0, 0, -7.5],
						"3.0": [-0.43523, -0.01904, 2.4906],
						"4.0": [0, 0, -7.5]
					}
				},
				"hand0": {
					"rotation": {
						"0.0": [31.68416, 28.46296, 16.39211],
						"1.0": [27.5, -25, 0],
						"2.0": [31.68416, 28.46296, 16.39211],
						"3.0": [27.5, -25, 0],
						"4.0": [31.68416, 28.46296, 16.39211]
					},
					"position": {
						"0.0": [1, 4, 9],
						"1.0": [-4, 4, 8],
						"2.0": [1, 4, 9],
						"3.0": [-4, 4, 8],
						"4.0": [1, 4, 9]
					}
				},
				"part_hand0": {
					"rotation": {
						"0.0": [0, 30, 2.5],
						"2.0": [0, 30, 2.5],
						"4.0": [0, 30, 2.5]
					},
					"position": {
						"0.0": [2, 0, 0],
						"2.0": [2, 0, 0],
						"4.0": [2, 0, 0]
					}
				},
				"hand1": {
					"rotation": {
						"0.0": [-27.5, 25, 0],
						"1.0": [-31.68416, -28.46296, 16.39211],
						"2.0": [-27.5, 25, 0],
						"3.0": [-31.68416, -28.46296, 16.39211],
						"4.0": [-27.5, 25, 0]
					},
					"position": {
						"0.0": [-4, 4, -8],
						"1.0": [1, 4, -9],
						"2.0": [-4, 4, -8],
						"3.0": [1, 4, -9],
						"4.0": [-4, 4, -8]
					}
				},
				"part_hand1": {
					"rotation": {
						"0.0": [0, -30, 0],
						"2.0": [0, -30, 0],
						"4.0": [0, -30, 0]
					},
					"position": {
						"0.0": [6, 0, 0],
						"2.0": [6, 0, 0],
						"4.0": [6, 0, 0]
					}
				}
			}
		},
		"animation.mienfoo.sleep": {
			"loop": true,
			"animation_length": 1,
			"bones": {
				"legs": {
					"rotation": [-90, 0, 0],
					"position": [0, 5, -5]
				},
				"leg1": {
					"rotation": [0, 0, 10],
					"position": [-2, 0, -1]
				},
				"leg2": {
					"rotation": [0, 0, -10],
					"position": [2, 0, 0]
				},
				"torso": {
					"position": [0, -4, 0]
				},
				"torsomini": {
					"position": [0, -1, 0]
				},
				"head": {
					"rotation": [0.75155, 0.11556, -17.48284],
					"position": [0, -2, 0]
				},
				"eyes": {
					"position": [1, 0, 0]
				},
				"bigote1": {
					"rotation": [-4.76241, -1.51044, -0.14532],
					"position": [0, 0, -2]
				},
				"bigote2": {
					"rotation": [4.76785, 1.49315, 0.2703],
					"position": [0, 0, 2]
				},
				"hand0": {
					"rotation": [0.64686, 0.08508, -14.98541],
					"position": [7, -1, 0]
				},
				"part_hand0": {
					"rotation": [90.34257, 88.59414, 75.48596],
					"position": [3, 0, -4]
				},
				"hand1": {
					"rotation": [0.64686, 0.08508, -14.98541],
					"position": [7, -1, 0]
				},
				"part_hand1": {
					"rotation": [86.25356, -89.67309, -93.74644],
					"position": [8, 0, 10]
				},
				"line": {
					"rotation": [-1.58812, 0.24393, 37.46342],
					"position": [-6, 6, 0]
				},
				"partmine0": {
					"position": [0, 1, 0]
				}
			}
		},
		"animation.mienfoo.battle_idle": {
			"loop": true,
			"animation_length": 1,
			"bones": {
				"leg1": {
					"rotation": [0, 25, 0],
					"position": [-1, 0, 0]
				},
				"legmini1": {
					"rotation": [20, 0, 0],
					"position": [0, 0, -2]
				},
				"legparte1": {
					"rotation": [0, 0, 0],
					"position": [0, 1, -2]
				},
				"legnime1": {
					"rotation": [0, 0, 0],
					"position": [0, 0, 0]
				},
				"leg2": {
					"rotation": [0, 0, 0],
					"position": [0, 0, 0]
				},
				"legmini2": {
					"position": [0, -1, 0]
				},
				"legparte2": {
					"rotation": [0, 0, 0],
					"position": [0, 0, 0]
				},
				"legnime2": {
					"rotation": [0, 0, 0]
				},
				"torsoparte": {
					"rotation": [0, 0, 0],
					"position": [0, 0, 0]
				},
				"head": {
					"rotation": [0.44073, 10.03764, -9.91385],
					"position": [0, -1, 0]
				},
				"hoidos": {
					"rotation": [0, 0, 0],
					"position": [0, 0, 0]
				},