{
	"format_version": "1.8.0",
	"animations": {
		"animation.sandyshocks.blink": {
			"loop": true
		},
		"animation.sandyshocks.ground_idle": {
			"loop": true,
			"animation_length": 2.58333,
			"bones": {
				"Torso": {
					"rotation": {
						"0.0": [-2.5, 0, 0],
						"1.4167": [7.5, 0, 0],
						"2.5417": [-2.5, 0, 0]
					}
				},
				"MainHead": {
					"rotation": {
						"0.0": [5, 0, 0],
						"1.4167": [-10, 0, 0],
						"2.5417": [5, 0, 0]
					}
				},
				"magnet": {
					"rotation": {
						"0.0": [0, 0, 12.5],
						"1.4167": [-12.5, 0, 0],
						"2.5417": [0, 0, 12.5]
					}
				},
				"magnet2": {
					"rotation": {
						"0.0": [-7.5, 0, 0],
						"1.4167": [0, 0, 0],
						"2.5417": [-7.5, 0, 0]
					}
				},
				"LegRight": {
					"rotation": {
						"0.0": [5, 0, 0],
						"1.4167": [0, 0, 0],
						"2.5417": [5, 0, 0]
					}
				},
				"LegLeft": {
					"rotation": {
						"0.0": [-2.5, 0, 0],
						"1.4167": [2.5, 0, 0],
						"2.5417": [-2.5, 0, 0]
					}
				},
				"BackMagnet": {
					"rotation": {
						"0.0": [0, 0, 0],
						"1.4167": [22.5, 0, 0],
						"2.5417": [0, 0, 0]
					}
				},
				"BackMagnet2": {
					"rotation": {
						"0.0": [0, 0, 0],
						"1.4167": [-22.5, 0, 0],
						"2.5417": [0, 0, 0]
					}
				},
				"Tail": {
					"rotation": {
						"0.0": [17.5, 0, 0],
						"1.4167": [-2.5, 0, 0],
						"2.5417": [17.5, 0, 0]
					}
				}
			}
		},
		"animation.sandyshocks.ground_walk": {
			"loop": true,
			"animation_length": 2.58333,
			"bones": {
				"Torso": {
					"rotation": {
						"0.0": [-2.5, 0, 0],
						"1.4167": [7.5, 0, 0],
						"2.5417": [-2.5, 0, 0]
					}
				},
				"MainHead": {
					"rotation": {
						"0.0": [5, 0, 0],
						"1.4167": [-10, 0, 0],
						"2.5417": [5, 0, 0]
					}
				},
				"magnet": {
					"rotation": {
						"0.0": [0, 0, 12.5],
						"1.4167": [-12.5, 0, 0],
						"2.5417": [0, 0, 12.5]
					}
				},
				"magnet2": {
					"rotation": {
						"0.0": [-7.5, 0, 0],
						"1.4167": [0, 0, 0],
						"2.5417": [-7.5, 0, 0]
					}
				},
				"LegRight": {
					"rotation": {
						"0.0": [-10, 0, 0],
						"1.4167": [5, 0, 0],
						"2.5417": [-10, 0, 0]
					},
					"position": {
						"0.0": [0, 0, -1],
						"1.4167": [0, 0, -2],
						"2.5417": [0, 0, -1]
					}
				},
				"LegLeft": {
					"rotation": {
						"0.0": [10, 0, 0],
						"1.4167": [-20, 0, 0],
						"2.5417": [10, 0, 0]
					},
					"position": {
						"0.0": [0, 0, 1],
						"1.4167": [0, 0, -1],
						"2.5417": [0, 0, 1]
					}
				},
				"BackMagnet": {
					"rotation": {
						"0.0": [0, 0, 0],
						"1.4167": [22.5, 0, 0],
						"2.5417": [0, 0, 0]
					}
				},
				"BackMagnet2": {
					"rotation": {
						"0.0": [0, 0, 0],
						"1.4167": [-22.5, 0, 0],
						"2.5417": [0, 0, 0]
					}
				},
				"Tail": {
					"rotation": {
						"0.0": [17.5, 0, 0],
						"1.4167": [-2.5, 0, 0],
						"2.5417": [17.5, 0, 0]
					}
				}
			}
		}
	}
}