{
	"format_version": "1.8.0",
	"animations": {
		"animation.okidogi.blink": {
			"loop": true
		},
		"animation.okidogi.ground_walk": {
			"loop": true,
			"animation_length": 1.16667,
			"bones": {
				"legextra1": {
					"rotation": {
						"0.0": [5, 0, 0],
						"0.7083": [-2.5, 0, 0],
						"1.1667": [5, 0, 0]
					}
				},
				"torso": {
					"rotation": {
						"0.0": [-2.5, 0, 0],
						"0.7083": [2.5, 0, 0],
						"1.1667": [-2.5, 0, 0]
					}
				},
				"head": {
					"rotation": {
						"0.0": [-2.5, 0, 0],
						"0.7083": [5, 0, 0],
						"1.1667": [-2.5, 0, 0]
					}
				},
				"tail": {
					"rotation": {
						"0.0": [5, 0, 0],
						"0.7083": [2.5, 0, 0],
						"1.1667": [5, 0, 0]
					}
				},
				"extrafooty": {
					"rotation": {
						"0.0": [-5, 0, 0],
						"0.7083": [5, 0, 0],
						"1.1667": [-5, 0, 0]
					}
				},
				"rightarm": {
					"rotation": {
						"0.0": [0, 12.5, -50],
						"0.7083": [0, -5, -50],
						"1.1667": [0, 12.5, -50]
					},
					"position": [16, 14, 0]
				},
				"leftarm": {
					"rotation": {
						"0.0": [0, -7.5, 55],
						"0.7083": [0, 5, 55],
						"1.1667": [0, -7.5, 55]
					},
					"position": [-17, 16, 0]
				}
			}
		},
		"animation.okidogi.ground_idle": {
			"loop": true,
			"animation_length": 0.95833,
			"bones": {
				"foots": {
					"rotation": {
						"0.0": [2.5, 0, 0],
						"0.5417": [-2.5, 0, 0],
						"0.9583": [2.5, 0, 0]
					}
				},
				"torso": {
					"rotation": {
						"0.0": [2.5, 0, 0],
						"0.5417": [0, 0, 0],
						"0.9583": [2.5, 0, 0]
					}
				},
				"head": {
					"rotation": {
						"0.0": [2.5, 0, 0],
						"0.5417": [0, 0, 0],
						"0.9583": [2.5, 0, 0]
					}
				},
				"tail": {
					"rotation": {
						"0.0": [12.5, 0, 0],
						"0.5417": [5, 0, 0],
						"0.9583": [12.5, 0, 0]
					}
				},
				"rightarm": {
					"rotation": {
						"0.0": [0, 0, -42.5],
						"0.5417": [0, 0, -47.5],
						"0.9583": [0, 0, -42.5]
					},
					"position": [15, 12, 0]
				},
				"leftarm": {
					"rotation": {
						"0.0": [0, 0, 65],
						"0.5417": [0, 0, 67.5],
						"0.9583": [0, 0, 65]
					},
					"position": [-17, 20, 0]
				}
			}
		}
	}
}