{
	"format_version": "1.8.0",
	"animations": {
		"animation.typenull.battle_idle": {
			"loop": true,
			"animation_length": 1,
			"bones": {
				"Torso": {
					"rotation": {
						"0.0": [8.70851, -25.4516, 0.80742],
						"0.5": [13.70851, -25.4516, 0.80742],
						"1.0": [8.70851, -25.4516, 0.80742]
					},
					"position": {
						"0.0": [0, -3.25, 0],
						"0.5": [-0.25, -3.75, 1],
						"1.0": [0, -3.25, 0]
					}
				},
				"Neck": {
					"rotation": {
						"0.0": [-0.60977, 27.48715, -2.72226],
						"0.75": [5.72356, 27.48715, -2.72226],
						"1.0": [-0.60977, 27.48715, -2.72226]
					}
				},
				"LTHip": {
					"rotation": {
						"0.0": [12.45392, 1.08089, -4.88206],
						"0.5": [2.45392, 1.08089, -4.88206],
						"1.0": [12.45392, 1.08089, -4.88206]
					}
				},
				"LTHock": {
					"rotation": {
						"0.0": [-14.94548, 1.29256, 4.83045],
						"1.0": [-14.94548, 1.29256, 4.83045]
					}
				},
				"LTFoot": {
					"rotation": {
						"0.0": [-7.5, 0, 0],
						"0.5": [-2.5, 0, 0],
						"1.0": [-7.5, 0, 0]
					}
				},
				"RTHip": {
					"rotation": {
						"0.0": [-16.92867, 8.37491, 3.32366],
						"0.5": [-29.42867, 8.37491, 3.32366],
						"1.0": [-16.92867, 8.37491, 3.32366]
					}
				},
				"RTHock": {
					"rotation": {
						"0.0": [-29.98637, 0.64686, 2.41492],
						"0.5": [-22.48637, 0.64686, 2.41492],
						"1.0": [-29.98637, 0.64686, 2.41492]
					}
				},
				"RTFoot": {
					"rotation": {
						"0.0": [39.75926, 2.89265, -7.35981],
						"0.5": [39.75926, 2.89265, -7.35981],
						"1.0": [39.75926, 2.89265, -7.35981]
					}
				},
				"LTShoulder": {
					"rotation": {
						"0.0": [-29.68392, -9.42985, -11.64927],
						"0.5": [-39.68392, -9.42985, -11.64927],
						"1.0": [-29.68392, -9.42985, -11.64927]
					}
				},
				"LTForearm": {
					"rotation": {
						"0.0": [-29.78729, 3.74196, 6.50446],
						"1.0": [-29.78729, 3.74196, 6.50446]
					}
				},
				"LTClaw": {
					"rotation": {
						"0.0": [49.69427, -0.50185, 5.99605],
						"0.5": [54.69427, -0.50185, 5.99605],
						"1.0": [49.69427, -0.50185, 5.99605]
					}
				},
				"RTShoulder": {
					"rotation": {
						"0.0": [10.58422, -0.53321, 28.28481],
						"0.5": [0.75377, 1.90823, 33.31283],
						"1.0": [10.58422, -0.53321, 28.28481]
					}
				},
				"RTForearm": {
					"rotation": {
						"0.0": [-66.84474, -1.1371, -21.33807],
						"0.5": [-66.89685, -0.48627, -29.21549],
						"1.0": [-66.84474, -1.1371, -21.33807]
					}
				},
				"RTClaw": {
					"rotation": {
						"0.0": [44.60382, 5.35355, -8.45862],
						"0.5": [47.28486, 3.37729, -3.21888],
						"1.0": [44.60382, 5.35355, -8.45862]
					}
				},
				"Tail": {
					"rotation": {
						"0.0": [10, 0, 0],
						"0.375": [10.62758, 19.6835, 3.61644],
						"0.6667": [12.08321, -32.58157, -6.54884],
						"1.0": [10, 0, 0]
					}
				},
				"Body": {
					"position": [1, 0, 3]
				}
			}
		},
		"animation.typenull.ground_idle": {
			"loop": true,
			"animation_length": 2,
			"bones": {
				"Torso": {
					"rotation": {
						"0.0": [0, 0, 0],
						"1.0": [2.5, 0, 0],
						"2.0": [0, 0, 0]
					},
					"position": {
						"0.0": [0, 0, 0],
						"1.0": [0, -0.2, 0],
						"2.0": [0, 0, 0]
					}
				},
				"Neck": {
					"rotation": {
						"0.0": [0, 0, 0],
						"1.0": [-7.5, 0, 0],
						"2.0": [0, 0, 0]
					}
				},
				"Collar": {
					"rotation": {
						"0.0": [0, 0, 0],
						"1.0": [2.5, 0, 0],
						"2.0": [0, 0, 0]
					}
				},
				"LTHip": {
					"rotation": {
						"0.0": [0, 0, 0],
						"1.0": [0, 0, 0],
						"2.0": [0, 0, 0]
					},
					"position": {
						"0.0": [0, 0, 0],
						"1.0": [0, -0.2, 0],
						"2.0": [0, 0, 0]
					}
				},
				"LTHock": {
					"rotation": {
						"0.0": [0, 0, 0],
						"1.0": [-5, 0, 0],
						"2.0": [0, 0, 0]
					},
					"position": {
						"0.0": [0, 0, 0],
						"1.0": [0, -0.2, 0],
						"2.0": [0, 0, 0]
					}
				},
				"LTFoot": {
					"rotation": {
						"0.0": [0, 0, 0],
						"1.0": [2.5, 0, 0],
						"2.0": [0, 0, 0]
					},
					"position": {
						"0.0": [0, 0, 0],
						"1.0": [0, 0, 0],
						"2.0": [0, 0, 0]
					}
				},
				"RTHip": {
					"rotation": {
						"0.0": [0, 0, 0],
						"1.0": [0, 0, 0],
						"2.0": [0, 0, 0]
					},
					"position": {
						"0.0": [0, 0, 0],
						"1.0": [0, -0.1, 0],
						"2.0": [0, 0, 0]
					}
				},
				"RTHock": {
					"rotation": {
						"0.0": [0, 0, 0],
						"1.0": [-5, 0, 0],
						"2.0": [0, 0, 0]
					},
					"position": {
						"0.0": [0, 0, 0],
						"1.0": [0, -0.2, 0],
						"2.0": [0, 0, 0]
					}
				},
				"RTFoot": {
					"rotation": {
						"0.0": [0, 0, 0],
						"1.0": [2.5, 0, 0],
						"2.0": [0, 0, 0]
					},
					"position": {
						"0.0": [0, 0, 0],
						"1.0": [0, -0.1, 0],
						"2.0": [0, 0, 0]
					}
				},
				"LTShoulder": {
					"rotation": {
						"0.0": [0, 0, 0],
						"1.0": [2.5, 0, 0],
						"2.0": [0, 0, 0]
					},
					"position": {
						"0.0": [0, 0, 0],
						"1.0": [0, 0.25, 0],
						"2.0": [0, 0, 0]
					}
				},
				"LTForearm": {
					"rotation": {
						"0.0": [0, 0, 0],
						"1.0": [-10, 0, 0],
						"2.0": [0, 0, 0]
					}
				},
				"LTClaw": {
					"rotation": {
						"0.0": [0, 0, 0],
						"1.0": [5, 0, 0],
						"2.0": [0, 0, 0]
					}
				},
				"RTShoulder": {
					"rotation": {
						"0.0": [0, 0, 0],
						"1.0": [2.5, 0, 0],
						"2.0": [0, 0, 0]
					},
					"position": {
						"0.0": [0, 0, 0],
						"1.0": [0, 0.25, 0],
						"2.0": [0, 0, 0]
					}
				},
				"RTForearm": {
					"rotation": {
						"0.0": [0, 0, 0],
						"1.0": [-10, 0, 0],
						"2.0": [0, 0, 0]
					}
				},
				"RTClaw": {
					"rotation": {
						"0.0": [0, 0, 0],
						"1.0": [5, 0, 0],
						"2.0": [0, 0, 0]
					}
				},
				"Tail": {
					"rotation": {
						"0.0": [0, -20, 0],
						"1.0": [0, 20, 0],
						"2.0": [0, -20, 0]
					}
				}
			}
		},
		"animation.typenull.ground_walk": {
			"loop": true,
			"animation_length": 1,
			"bones": {
				"Torso": {
					"position": {
						"0.0": [0, -2, 0],
						"0.25": [0, 0, 0],
						"0.5": [0, -2, 0],
						"0.75": [0, 0, 0],
						"1.0": [0, -2, 0]
					}
				},
				"Neck": {
					"rotation": {
						"0.0": [0, 0, 0],
						"0.25": [10, 0, 0],
						"0.5": [0, 0, 0],
						"0.75": [7.5, 0, 0],
						"1.0": [0, 0, 0]
					}
				},
				"Collar": {
					"rotation": {
						"0.0": [2.5, 0, 0],
						"0.25": [-7.5, 0, 0],
						"0.5": [2.5, 0, 0],
						"0.75": [-5, 0, 0],
						"1.0": [2.5, 0, 0]
					}
				},
				"LTHip": {
					"rotation": {
						"0.0": [25, 0, 0],
						"0.5": [-30, 0, 0],
						"1.0": [25, 0, 0]
					}
				},
				"LTHock": {
					"rotation": {
						"0.0": [-10, 0, 0],
						"0.25": [-3.75, 0, 0],
						"0.5": [-17.5, 0, 0],
						"1.0": [-10, 0, 0]
					},
					"position": {
						"0.0": [0, 0, 0],
						"0.25": [0, 4, 1],
						"0.5": [0, 0, 0]
					}
				},
				"LTFoot": {
					"rotation": {
						"0.0": [-15, 0, 0],
						"0.1667": [31.25, 0, 0],
						"0.3333": [9.38, 0, 0],
						"0.5": [47.5, 0, 0],
						"1.0": [-12.5, 0, 0]
					}
				},
				"RTHip": {
					"rotation": {
						"0.0": [-27.5, 0, 0],
						"0.5": [25, 0, 0],
						"1.0": [-27.5, 0, 0]
					}
				},
				"RTHock": {
					"rotation": {
						"0.0": [-20, 0, 0],
						"0.5": [-10, 0, 0],
						"0.75": [0, 0, 0],
						"1.0": [-20, 0, 0]
					},
					"position": {
						"0.0": [0, 0, 0],
						"0.5": [0, -0.33, 0.67],
						"0.75": [0, 4, 1],
						"1.0": [0, 1, 1]
					}
				},
				"RTFoot": {
					"rotation": {
						"0.0": [47.5, 0, 0],
						"0.5": [-12.5, 0, 0],
						"0.6667": [27.5, 0, 0],
						"0.8333": [11.25, 0, 0],
						"1.0": [47.5, 0, 0]
					}
				},
				"LTShoulder": {
					"rotation": {
						"0.0": [40, 0, 0],
						"0.1667": [57.04134, -1.11059, -2.87821],
						"0.375": [-9.2345, -0.41647, -1.07933],
						"0.5": [-25, 0, 0],
						"1.0": [40, 0, 0]
					}
				},
				"LTForearm": {
					"rotation": {
						"0.0": [-10, 0, 0],
						"0.25": [-72.5, 0, 0],
						"0.5": [0, 0, 0],